{"timestamp":{"0":1693997855593,"1":1694108588010,"2":1695304144197,"3":1695506100531},"model_name":{"0":"XGBClassifier","1":"XGBClassifier","2":"XGBClassifier","3":"XGBClassifier"},"model_params":{"0":{"n_estimators":100,"min_child_weight":1,"max_depth":10,"learning_rate":0.3,"gamma":0},"1":{"n_estimators":100,"min_child_weight":1,"max_depth":10,"learning_rate":0.3,"gamma":0},"2":{"n_estimators":100,"min_child_weight":1,"max_depth":10,"learning_rate":0.3,"gamma":0},"3":{"n_estimators":100,"min_child_weight":1,"max_depth":10,"learning_rate":0.3,"gamma":0}},"threshold":{"0":0.1919191919,"1":0.3939393939,"2":0.3636363636,"3":0.4646464646},"test_accuracy_score":{"0":0.6957543806,"1":0.7003296089,"2":0.7208156451,"3":0.7467011226},"test_metric_score":{"0":0.1691471428,"1":0.1763017483,"2":0.1737308429,"3":0.1760966442}}